{ "zoom": 9, "position": [6.2366666666667, -75.580277777778] }
